path	line	string	context
app/src/main/java/com/aeriotv/android/MainActivity.kt	439	settings	"settings" -> DeepLinkTarget.Settings(path)
app/src/main/java/com/aeriotv/android/feature/cast/CastControls.kt	275	Enter the code shown on ${companionConn.name ?: 	Text("Enter the code shown on ${companionConn.name ?: "the TV"}")
app/src/main/java/com/aeriotv/android/feature/cast/CastControls.kt	294	Connecting to ${companionConn.name ?: 	Text("Connecting to ${companionConn.name ?: "TV"}...")
app/src/main/java/com/aeriotv/android/feature/collections/ChannelCollectionsUi.kt	429	Name	placeholder = { Text("Name") },
app/src/main/java/com/aeriotv/android/feature/dvr/DvrMediaTabContent.kt	671	Details	HeroRound(Icons.Outlined.Info, "Details", onInfo)
app/src/main/java/com/aeriotv/android/feature/dvr/DvrMediaTabContent.kt	783	Details	add(com.aeriotv.android.feature.movies.tv.TvHeroButton("Details", Icons.Outlined.Info, id = "Details") { armHero(); onInfo(rec) })
app/src/main/java/com/aeriotv/android/feature/dvr/DvrMediaTabContent.kt	783	Details	add(com.aeriotv.android.feature.movies.tv.TvHeroButton("Details", Icons.Outlined.Info, id = "Details") { armHero(); onInfo(rec) })
app/src/main/java/com/aeriotv/android/feature/dvr/DvrTabContent.kt	849	Server	val label = if (isLocal) "Lokal" else "Server"
app/src/main/java/com/aeriotv/android/feature/dvr/DvrViewModel.kt	1075	Recording $rawId	val genericTitle = r.title.isBlank() || r.title == "Recording $rawId"
app/src/main/java/com/aeriotv/android/feature/dvr/DvrViewModel.kt	1099	Recording $rawId	val genericTitle = r.title.isBlank() || r.title == "Recording $rawId"
app/src/main/java/com/aeriotv/android/feature/livetv/LiveTVTabContent.kt	27	Default Live TV View	* The launch view is the persisted "Default Live TV View" choice (Settings ->
app/src/main/java/com/aeriotv/android/feature/livetv/ProgramInfoSheet.kt	322	 to 	TvInfoColumn(label, if (label == "Window") value.replace(" to ", " to\n") else value)
app/src/main/java/com/aeriotv/android/feature/movies/MediaTabContent.kt	560	Details	DropdownMenuItem(text = { Text("Details") }, onClick = { close(); open() })
app/src/main/java/com/aeriotv/android/feature/movies/tv/TvMediaPage.kt	1386	Filter	icon = Icons.Filled.FilterList, contentDescription = "Filter",
app/src/main/java/com/aeriotv/android/feature/movies/tv/TvMediaTab.kt	157	Details	add(TvHeroButton("Details", Icons.Outlined.Info, id = "Details", onClick = details))
app/src/main/java/com/aeriotv/android/feature/movies/tv/TvMediaTab.kt	157	Details	add(TvHeroButton("Details", Icons.Outlined.Info, id = "Details", onClick = details))
app/src/main/java/com/aeriotv/android/feature/movies/tv/TvMediaTab.kt	202	Details	item?.let { TvMenuAction("Details") { open(it) } },
app/src/main/java/com/aeriotv/android/feature/movies/tv/TvMediaTab.kt	263	Details	TvMenuAction("Details") { open(item) },
app/src/main/java/com/aeriotv/android/feature/multiview/MultiviewScreen.kt	594	Streams hinzufügen	contentDescription = "Streams hinzufügen",
app/src/main/java/com/aeriotv/android/feature/multiview/MultiviewScreen.kt	608	Streams hinzufügen	label = "Streams hinzufügen",
app/src/main/java/com/aeriotv/android/feature/onboarding/ConfigureSourceScreen.kt	335	Name	LabeledField(label = "Name") {
app/src/main/java/com/aeriotv/android/feature/onboarding/ConfigureSourceScreen.kt	345	Server-URL	LabeledField(label = "Server-URL") {
app/src/main/java/com/aeriotv/android/feature/onboarding/ConfigureSourceScreen.kt	426	Name	LabeledField(label = "Name") {
app/src/main/java/com/aeriotv/android/feature/onboarding/ConfigureSourceScreen.kt	435	Server-URL	LabeledField(label = "Server-URL") {
app/src/main/java/com/aeriotv/android/feature/onboarding/ConfigureSourceScreen.kt	470	Name	LabeledField(label = "Name") {
app/src/main/java/com/aeriotv/android/feature/onboarding/OnboardingSyncProgressScreen.kt	147	Playlists & Servers	* the Settings toggles, e.g. "Playlists & Servers"). */
app/src/main/java/com/aeriotv/android/feature/onboarding/WelcomeScreen.kt	287	Server verbinden	title = "Server verbinden",
app/src/main/java/com/aeriotv/android/feature/ondemand/OnDemandViewModel.kt	1750	movies	val label = if (isMovie) "movies" else "series"
app/src/main/java/com/aeriotv/android/feature/ondemand/OnDemandViewModel.kt	1750	series	val label = if (isMovie) "movies" else "series"
app/src/main/java/com/aeriotv/android/feature/ondemand/OnDemandViewModel.kt	2415	add a key in Settings	* provenance note uses it to pick between "add a key in Settings" and
app/src/main/java/com/aeriotv/android/feature/player/ExoWindowState.kt	40	the bar's own height plus 4 dp	* "the bar's own height plus 4 dp" and the mini can never clip the Settings
app/src/main/java/com/aeriotv/android/feature/player/PlayerChromeOverlay.kt	1202	Stream-Info	text = { Text("Stream-Info") },
app/src/main/java/com/aeriotv/android/feature/player/PlayerChromeOverlay.kt	1214	Stream wechseln	text = { Text("Stream wechseln") },
app/src/main/java/com/aeriotv/android/feature/player/PlayerScreen.kt	2288	Streamwechsel fehlgeschlagen	Toast.makeText(context, "Streamwechsel fehlgeschlagen", Toast.LENGTH_SHORT).show()
app/src/main/java/com/aeriotv/android/feature/player/VODPlayerScreen.kt	2389	Player-Optionen	contentDescription = "Player-Optionen",
app/src/main/java/com/aeriotv/android/feature/settings/AppUpdatesScreen.kt	90	Update verfügbar	header = "Update verfügbar",
app/src/main/java/com/aeriotv/android/feature/settings/DeveloperSettingsScreen.kt	185	Debug-Protokollierung aktivieren?	title = { Text("Debug-Protokollierung aktivieren?") },
app/src/main/java/com/aeriotv/android/feature/settings/DeveloperSettingsScreen.kt	213	Debug-Protokollierung deaktivieren?	title = { Text("Debug-Protokollierung deaktivieren?") },
app/src/main/java/com/aeriotv/android/feature/settings/DeveloperSettingsScreen.kt	280	Debug-Protokollierung	title = "Debug-Protokollierung",
app/src/main/java/com/aeriotv/android/feature/settings/DvrSettingsScreen.kt	137	Server (Dispatcharr)	label = "Server (Dispatcharr)",
app/src/main/java/com/aeriotv/android/feature/settings/EditPlaylistScreen.kt	242	Name	label = { Text("Name") },
app/src/main/java/com/aeriotv/android/feature/settings/PlayerSettingsScreen.kt	257	Hängende Streams automatisch neu laden	title = "Hängende Streams automatisch neu laden",
app/src/main/java/com/aeriotv/android/feature/settings/SettingsHost.kt	206	settingsPane	label = "settingsPane",
app/src/main/java/com/aeriotv/android/feature/settings/SettingsHost.kt	501	settingsPane	label = "settingsPane",
app/src/main/java/com/aeriotv/android/feature/settings/SettingsRoute.kt	139	the Settings root	* opens. Used by the screenshot deep link; null means "the Settings root",
app/src/main/java/com/aeriotv/android/feature/settings/SettingsRoute.kt	150	playlists	"playlists" -> SettingsRoute.Playlists
app/src/main/java/com/aeriotv/android/feature/settings/SettingsRoute.kt	152	player	"player" -> SettingsRoute.Section(SettingsSection.Player)
app/src/main/java/com/aeriotv/android/feature/settings/SettingsRoute.kt	153	movies	"movies" -> SettingsRoute.Section(SettingsSection.MoviesAndTvShows)
app/src/main/java/com/aeriotv/android/feature/settings/SettingsRoute.kt	162	playlist-detail	"playlist-detail" -> activePlaylistId?.let { SettingsRoute.PlaylistDetail(it) }
app/src/main/java/com/aeriotv/android/feature/settings/SettingsRoute.kt	242	playlists	is SettingsRoute.Playlists -> "playlists"
app/src/main/java/com/aeriotv/android/feature/settings/SettingsRoute.kt	265	playlists	is SettingsRoute.Playlists -> "playlists"
app/src/main/java/com/aeriotv/android/feature/settings/SettingsRoute.kt	282	playlists	raw == "playlists" -> SettingsRoute.Playlists
app/src/main/java/com/aeriotv/android/feature/settings/SettingsScreen.kt	235	playlists	if (content != SettingsRootContent.AboutOnly) item("playlists") {
app/src/main/java/com/aeriotv/android/feature/settings/SettingsScreen.kt	308	AerioTV diagnostics	cm?.setPrimaryClip(android.content.ClipData.newPlainText("AerioTV diagnostics", text))
app/src/main/java/com/aeriotv/android/feature/settings/SettingsScreen.kt	502	Tap ○ to set the active playlist	// SettingsView footer hint "Tap ○ to set the active playlist".
app/src/main/java/com/aeriotv/android/feature/settings/SettingsScreen.kt	943	Debug-Protokollierung & Diagnose	subtitle = "Debug-Protokollierung & Diagnose",
app/src/main/java/com/aeriotv/android/ui/TmdbAttribution.kt	31	The Movie Database	contentDescription = "The Movie Database",
